Column_1,Column_2,Column_3,Column_4,Column_5
dfgsjsjdh,123445 34,444444,,
0295,99N75 425,5TlV,,
0312,A8DCo 4Ys,010Z,,
01715,Amelia,Brown,,
365,aniket Ashok,patil,,
0360,aniket t,t,,
0367,Ash J,Tyson,,
0303,bala kumar,ravi,,
0292,bmrtahvwhibmrtahvwhi,hbfqkhjfqbhbfqkhjfqb,,
0376W,Buenos,AVBF,,
0370,Carlos,Medina,,
0320,Charles,Carter,,
00392,Charlotte,Smith,,
0363,Christopher,Mcmillan,,
0382,Conrad,fisher,,
0777,Dev Sec,Ops,QA Engineer,Script Tester
0333,Dev Ops,Trem,,
0290,dhbrukkuzldhbrukkuzl,ibuvlwtfsfibuvlwtfsf,,
0294,DHINA KARAN,P,,
09557,Emily,Jones,,
1235,FName Mname,LName,,
ATPValue,ftdkux,ltsxgy,,
ATPValue,fthnvn,ltwrrt,,
ATPValue,fthnvn,ltwrrt,,
ATPValue,fthyfv,ltrhtm,,
ATPValue,ftioiu,ltpugr,,
ATPValue,ftioiu,ltpugr,,
ATPValue,ftioiu,ltpugr,,
ATPValue,ftioiu,ltpugr,,
ATPValue,ftndlm,ltdyyf,,
ATPValue,ftpjte,ltpzkj,,
ATPValue,ftyseo,ltzbbp,,
ATPValue,ftyseo,ltzbbp,,
ATPValue,ftyseo,ltzbbp,,
ATPValue,ftyseo,ltzbbp,,
ATPValue,ftyseo,ltzbbp,,
ATPValue,ftyseo,ltzbbp,,
0371,GADDALA SHANKER,SWAMY,,
0376,GADDALA SHANKER,SWAMY,,
0381,GADDALA SHANKER,SWAMY,,
0374,GADDALA SHANKER,SWAMY,,
0315hh,hh,hh,,
0365,James,Butler,,
0367010,Jobin Mathew,Sam,,
0303,joker john,selvam,,
0361,Joseph,Evans,,
0342,Joy,Smith,,
0323,Joy,Smith,,
0317,Joy,Smith,,
0359,Joy,Smith,,
